Patient ID,Tumor 1 Volume (cubic mm),Tumor 1 SUV Value,Tumor 2 Volume (cubic mm),Tumor 2 SUV Value,Tumor 3 Volume (cubic mm),Tumor 3 SUV Value,Tumor 4 Volume (cubic mm),Tumor 4 SUV Value,Tumor 5 Volume (cubic mm),Tumor 5 SUV Value,Tumor 6 Volume (cubic mm),Tumor 6 SUV Value,Tumor 7 Volume (cubic mm),Tumor 7 SUV Value,Max Volume (cubic mm),Min Volume (cubic mm),Mean Volume (cubic mm),Max SUV,Min SUV,Mean SUV
PETCT_0b57b247b6,8061.781585693359,3982.910794019699,12.441020965576172,2.2089622020721436,185918.6173095703,102063.79630637169,22903.919597625732,11732.616635799408,833.5484046936035,278.13592648506165,12.441020965576172,2.1136536598205566,1729.301914215088,731.7640800476074,185918.6173095703,12.441020965576172,31353.15012196132,102063.79630637169,2.1136536598205566,16970.50662265505
PETCT_0af7ffe12a,0,0,0,0,0,0
